{
    "items": [
    {
        "id": 1,
        "url": "upperprod3.png",
        "linkTitle": "FOOTBALL SHOES",
        "desc": "Lorem ipsum dolor sit amet, consectetur adipiscing elit, sed do eiusmod tempor incididunt ut labore et dolore magna"
    },
    {
        "id": 2,
        "url": "upperprod2.png",
        "linkTitle": "MODERN CLOTHES",
        "desc": "Lorem ipsum dolor sit amet, consectetur adipiscing elit, sed do eiusmod tempor incididunt ut labore et dolore magna"
    },
    {
        "id": 3,
        "url": "upperprod1.png",
        "linkTitle": "BAGS & ACCESSORIES",
        "desc": "Lorem ipsum dolor sit amet, consectetur adipiscing elit, sed do eiusmod tempor incididunt ut labore et dolore magna"
    }
]
}